idade,sexo,estado_civil,escolaridade,renda_mensal,cor_raca,tempo_trab_anos,funcao_trab,carga_horaria_horas_sem,outro_trab,tabacco,bebida,freq_bebida,como_avalia_propria_saude,peso,estatura,imc,circun_abdome,circun_pant,pas,pad,hgs_dir,hgs_esq,cintura_altura_ratio,aumentado_cmr,DM2,HAS,obesidade,ARB,Diuretics,Beta_blockers,ACE_inhibitors,Metformin,CCB,whoqol_fisico,whoqol_psicologico,whoqol_social,whoqol_ambiente,whoqol_n_validos
34,feminino,separado,médio completo,1 a 3 salários mínimos,preto (a),1.0,cooperado,40,sim,Não,Não,1-2x sem,regular,86.9,1.6,33.95,96.0,45.0,120,90,29.8,23.0,60.0,1.0,0,0,1,0,0,0,0,0,0,71.43,70.83,83.33,78.12,26
59,masculino,divorciado,médio completo,mais de 3 salários,pardo (a),2.0,cooperado,56,não,Não,Sim,1-2x sem,muito boa,64.0,1.57,25.96,82.0,39.0,110,70,22.9,31.2,52.22929936305732,1.0,0,0,0,0,0,0,0,0,0,100.0,83.33,100.0,93.75,26
27,masculino,solteiro,superior completo,mais de 3 salários,pardo (a),1.0,cooperado,44,não,Não,Sim,raro,regular,107.5,1.76,34.7,102.0,44.0,130,90,37.2,46.3,57.95454545454545,1.0,0,0,1,0,0,0,0,0,0,78.57,58.33,75.0,75.0,26
40,masculino,solteiro,médio completo,1 a 3 salários mínimos,preto (a),1.0,cooperado,45,não,Não,Sim,3x ou + sem,boa,59.0,1.69,20.66,78.0,35.5,110,80,41.5,41.3,46.15384615384615,0.0,0,0,0,0,0,0,0,0,0,78.57,95.83,100.0,78.12,26
23,masculino,solteiro,médio completo,mais de 3 salários,preto (a),2.0,cooperado,45,não,Não,Não,1-2x sem,regular,72.8,1.83,21.74,86.5,38.0,120,70,40.7,42.7,47.267759562841526,0.0,0,0,0,0,0,0,0,0,0,75.0,83.33,66.67,90.62,26
65,feminino,casado,fundamental incompleto,1 a 3 salários mínimos,pardo (a),2.0,cooperado,44,não,Não,Não,1-2x sem,boa,65.0,1.53,27.77,93.0,37.0,140,70,26.4,23.3,60.78431372549019,1.0,1,0,0,1,1,0,0,0,0,85.71,100.0,100.0,100.0,26
54,feminino,casado,fundamental incompleto,1 a 3 salários mínimos,branco (a),5.0,cooperado,60,não,Sim,Sim,1-2x sem,boa,72.5,1.55,30.18,99.0,38.0,130,80,22.2,22.7,63.87096774193548,1.0,0,0,1,0,0,0,0,0,0,46.43,66.67,100.0,75.0,26
49,feminino,solteiro,fundamental completo,1 a 3 salários mínimos,preto (a),2.0,cooperado,45,não,Sim,Sim,1-2x sem,boa,45.5,1.54,19.19,69.0,28.0,110,70,24.0,23.5,44.8051948051948,0.0,0,0,0,0,0,0,0,0,0,100.0,100.0,75.0,100.0,26
27,masculino,casado,médio completo,1 a 3 salários mínimos,branco (a),2.6785714285714284,cooperado,50,não,Não,Não,1-2x sem,muito boa,78.4,1.86,22.66,85.0,35.0,120,70,61.8,55.7,45.69892473118279,0.0,0,0,0,0,0,0,0,0,0,85.71,100.0,100.0,100.0,26
55,feminino,casado,médio completo,1 a 3 salários mínimos,branco (a),2.6785714285714284,cooperado,40,não,Não,Não,1-2x sem,boa,96.0,1.56,39.45,117.0,46.0,120,80,30.0,26.5,75.0,1.0,1,0,1,0,1,1,0,0,0,78.57,70.83,83.33,81.25,26
34,feminino,solteiro,médio incompleto,1 a 3 salários mínimos,branco (a),1.0,cooperado,35,não,Não,Sim,1-2x sem,boa,77.7,1.61,29.98,89.0,37.0,110,70,29.2,29.2,55.27950310559006,1.0,0,0,0,0,0,0,0,0,0,92.86,62.5,75.0,87.5,26
32,feminino,solteiro,fundamental incompleto,1 a 3 salários mínimos,preto (a),1.0,cooperado,35,não,Sim,Sim,1-2x sem,boa,83.0,1.63,31.24,89.0,32.0,120,70,29.2,31.6,54.60122699386503,1.0,0,0,1,0,0,0,0,0,0,85.71,83.33,75.0,56.25,26
51,masculino,separado,fundamental completo,1 a 3 salários mínimos,pardo (a),2.6785714285714284,cooperado,74,não,Sim,Sim,1-2x sem,muito boa,73.9,1.72,24.98,94.0,32.0,120,80,48.1,38.7,54.651162790697676,1.0,0,0,0,0,0,0,0,0,0,71.43,95.83,100.0,100.0,26
55,feminino,casado,fundamental incompleto,1 a 3 salários mínimos,pardo (a),2.6785714285714284,cooperado,30,não,Não,Não,1-2x sem,regular,85.1,1.59,33.66,108.0,38.0,110,70,17.5,19.6,67.9245283018868,1.0,1,0,1,0,0,0,0,0,0,82.14,66.67,91.67,87.5,26
31,feminino,solteiro,médio completo,1 a 3 salários mínimos,pardo (a),7.0,cooperado,35,não,Não,Não,1-2x sem,muito boa,97.4,1.65,35.78,101.0,32.0,130,90,17.2,17.6,61.21212121212122,1.0,0,0,1,0,0,0,0,0,0,71.43,95.83,100.0,93.75,26
28,masculino,casado,médio incompleto,faltou,branco (a),2.6785714285714284,cooperado,70,não,Não,Sim,1-2x sem,boa,55.4,1.56,22.76,84.0,36.0,125,70,36.2,35.9,53.84615384615385,1.0,0,0,0,0,0,0,0,0,0,71.43,91.67,100.0,90.62,26
32,masculino,solteiro,médio incompleto,1 a 3 salários mínimos,pardo (a),2.6785714285714284,cooperado,40,não,Sim,Sim,1-2x sem,boa,83.4,1.73,27.87,92.0,36.0,130,90,37.5,34.6,53.179190751445084,1.0,0,0,0,0,0,0,0,0,0,64.29,100.0,100.0,100.0,26
63,feminino,solteiro,fundamental incompleto,1 a 3 salários mínimos,preto (a),1.0,cooperado,30,não,Não,Sim,raro,muito boa,76.2,1.52,32.98,91.0,41.0,150,90,27.9,23.8,59.868421052631575,1.0,0,0,1,0,0,0,0,0,0,100.0,100.0,58.33,96.88,26
71,feminino,separado,médio completo,1 a 3 salários mínimos,branco (a),2.6785714285714284,cooperado,40,não,Não,Sim,raro,boa,78.2,1.56,32.13,104.0,35.0,120,80,18.7,18.3,66.66666666666667,1.0,0,0,1,1,0,1,0,0,1,71.43,83.33,33.33,100.0,26
44,feminino,casado,fundamental incompleto,1 a 3 salários mínimos,pardo (a),1.0,cooperado,40,não,Não,Sim,raro,regular,102.8,1.64,38.22,115.0,34.0,110,70,27.9,29.0,70.1219512195122,1.0,0,0,1,0,0,0,0,0,0,64.29,50.0,33.33,65.62,26
67,masculino,separado,não estudou,1 a 3 salários mínimos,preto (a),2.6785714285714284,cooperado,40,não,Não,Não,1-2x sem,regular,87.5,1.61,33.76,115.0,39.0,120,70,38.2,33.2,71.42857142857143,1.0,1,0,1,0,0,0,0,0,0,92.86,100.0,100.0,87.5,26
38,masculino,solteiro,fundamental incompleto,mais de 3 salários,branco (a),3.0,cooperado,35,não,Não,Não,1-2x sem,regular,106.9,1.76,34.51,117.0,40.0,120,80,33.5,32.5,66.47727272727273,1.0,0,0,1,0,0,0,0,0,0,89.29,75.0,66.67,81.25,26
35,masculino,solteiro,médio completo,1 a 3 salários mínimos,pardo (a),2.6785714285714284,cooperado,40,não,Não,Sim,?,boa,64.5,1.64,23.98,83.0,34.0,100,70,45.8,32.7,50.609756097560975,1.0,0,0,0,0,0,0,0,0,0,42.86,62.5,75.0,71.88,26
58,masculino,separado,fundamental incompleto,1 a 3 salários mínimos,preto (a),1.0,cooperado,35,não,Ex-fumante,Sim,raro,regular,111.1,1.76,35.87,122.0,37.0,150,0,29.8,28.7,69.31818181818181,1.0,0,0,1,0,1,0,1,0,0,71.43,83.33,58.33,62.5,26
57,feminino,solteiro,fundamental incompleto,1 a 3 salários mínimos,branco (a),2.6785714285714284,cooperado,40,não,Sim,Sim,?,boa,75.6,1.55,31.47,99.0,34.0,110,70,21.3,19.3,63.87096774193548,1.0,0,0,1,0,0,0,0,0,0,78.57,91.67,100.0,87.5,26
29,masculino,solteiro,superior completo,1 a 3 salários mínimos,preto (a),8.0,cooperado,35,sim,Sim,Sim,?,regular,67.0,1.79,20.91,72.0,32.0,140,90,43.0,31.7,40.22346368715084,0.0,0,0,0,0,0,0,0,0,0,82.14,58.33,83.33,84.38,26
67,masculino,solteiro,fundamental incompleto,mais de 3 salários,preto (a),2.6785714285714284,cooperado,40,não,Não,Não,1-2x sem,regular,81.3,1.63,30.6,96.0,38.0,130,30,41.7,37.2,58.895705521472394,1.0,1,0,1,0,0,0,0,0,0,71.43,70.83,75.0,100.0,26
48,feminino,separado,fundamental incompleto,mais de 3 salários,pardo (a),5.0,individual,56,não,Não,Não,1-2x sem,muito boa,67.2,1.55,27.97,82.0,38.0,130,70,27.4,23.9,52.90322580645161,1.0,0,0,0,0,0,0,0,0,0,92.86,75.0,66.67,62.5,26
61,feminino,solteiro,fundamental completo,1 a 3 salários mínimos,pardo (a),2.6785714285714284,individual,30,não,Sim,Não,1-2x sem,regular,66.4,1.54,28.0,96.0,36.0,130,80,18.2,15.8,62.33766233766234,1.0,1,0,0,1,1,0,0,0,0,92.86,66.67,8.33,68.75,26
77,feminino,viúvo,superior completo,1 a 3 salários mínimos,branco (a),2.6785714285714284,individual,60,não,Não,Sim,raro,boa,43.1,1.56,17.71,65.0,30.0,120,80,14.7,14.2,41.666666666666664,0.0,0,0,0,0,0,0,0,0,0,42.86,83.33,33.33,75.0,26
36,masculino,casado,médio incompleto,1 a 3 salários mínimos,branco (a),4.0,individual,70,não,Não,Sim ,3x ou + sem,muito boa,71.0,1.65,26.08,82.0,37.0,110,80,40.8,36.4,49.6969696969697,0.0,0,0,0,0,0,0,0,0,0,28.57,75.0,8.33,59.38,26
57,feminino,casado,fundamental completo,1 a 3 salários mínimos,pardo (a),2.0,individual,60,sim,Não,Não,1-2x sem,boa,71.8,1.53,30.67,91.0,36.0,120,80,23.6,26.4,59.47712418300654,1.0,0,0,1,0,0,0,0,0,0,96.43,83.33,50.0,87.5,26
37,feminino,solteiro,médio completo,1 a 3 salários mínimos,pardo (a),1.0,individual,60,não,Não,Não,1-2x sem,regular,82.4,1.5,36.62,108.0,43.0,130,90,24.6,21.9,72.0,1.0,0,0,1,0,0,0,0,0,0,89.29,58.33,91.67,78.12,26
33,feminino,solteiro,superior incompleto,1 a 3 salários mínimos,pardo (a),3.0,individual,60,não,Não,Não,1-2x sem,regular,53.5,1.56,21.98,66.0,36.0,100,60,36.0,26.9,42.30769230769231,0.0,0,0,0,0,0,0,0,0,0,85.71,66.67,66.67,53.12,26
65,feminino,solteiro,médio completo,1 a 3 salários mínimos,branco (a),2.6785714285714284,individual,20,sim,Não,Não,1-2x sem,regular,55.7,1.45,26.49,95.0,36.0,120,90,16.8,18.0,65.51724137931035,1.0,0,0,0,0,0,0,0,0,0,60.71,33.33,16.67,53.12,26
38,feminino,casado,fundamental completo,1 a 3 salários mínimos,preto (a),1.0,individual,45,não,Sim,Sim,1-2x sem,boa,50.2,1.57,20.37,74.0,33.0,110,70,33.6,30.9,47.13375796178344,0.0,0,0,0,0,0,0,0,0,0,100.0,100.0,100.0,100.0,26
27,masculino,solteiro,médio incompleto,1 a 3 salários mínimos,pardo (a),2.0,individual,50,sim,Sim,Sim,raro,muito boa,52.3,1.7,18.1,56.0,31.0,120,70,32.7,36.9,32.94117647058824,0.0,0,0,0,0,0,0,0,0,0,92.86,100.0,100.0,100.0,26
60,masculino,casado,fundamental completo,1 a 3 salários mínimos,pardo (a),2.0,individual,40,não,Não,Sim,3x ou + sem,muito boa,63.6,1.69,22.27,83.0,32.5,180,10,48.5,38.7,49.11242603550296,0.0,0,0,0,0,0,0,0,0,0,100.0,83.33,33.33,84.38,26
58,feminino,casado,médio completo,1 a 3 salários mínimos,pardo (a),3.0,individual,60,não,Não,Não,1-2x sem,boa,77.9,1.53,33.28,91.0,39.0,150,90,31.7,21.5,59.47712418300654,1.0,0,0,1,1,1,0,0,0,0,64.29,79.17,66.67,96.88,26
65,masculino,casado,fundamental incompleto,1 a 3 salários mínimos,pardo (a),3.0,individual,50,não,Não,Não,1-2x sem,regular,69.3,1.63,26.08,86.0,36.0,120,80,44.4,36.5,52.76073619631902,1.0,0,0,0,1,0,0,0,0,0,71.43,87.5,83.33,71.88,26
41,masculino,solteiro,fundamental incompleto,1 a 3 salários mínimos,pardo (a),2.6785714285714284,individual,56,sim,Não,Sim,3x ou + sem,regular,65.6,1.64,24.39,85.0,36.0,120,80,22.5,27.5,51.82926829268293,1.0,0,0,0,0,0,0,0,0,0,71.43,79.17,25.0,43.75,26
47,masculino,casado,fundamental incompleto,sem renda,amarelo (a),4.0,individual,18,não,Não,Não,1-2x sem,regular,83.7,1.67,30.01,99.0,41.0,120,80,40.2,29.4,59.2814371257485,1.0,0,0,1,0,0,0,0,0,0,50.0,41.67,66.67,43.75,26
29,feminino,casado,superior completo,mais de 3 salários,pardo (a),6.0,individual,44,sim,Não,Não,1-2x sem,boa,86.3,1.67,30.94,90.0,42.0,130,80,29.7,31.0,53.89221556886228,1.0,0,0,1,0,0,0,0,0,0,78.57,66.67,66.67,87.5,26
18,masculino,solteiro,fundamental incompleto,1 a 3 salários mínimos,pardo (a),2.6785714285714284,individual,40,sim,Não,Sim,raro,boa,61.4,1.76,19.82,72.5,33.0,120,70,35.9,35.2,41.19318181818182,0.0,0,0,0,0,0,0,0,0,0,64.29,79.17,91.67,81.25,26
